anio,cantidad,var_pct
2020,86175,
2021,111962,29.92399187699448
2022,140918,25.8623461531591
2023,155897,10.629586000369006
2024,158838,1.8865019852851495
